Zona,Información,Barrios
Ciutat Vella,"Este es el casco antiguo de Valencia, la zona más turística. Aquí se encuentra la Catedral de Valencia, la Basílica, el Mercado Central y el edificio de la Bolsa.
Los dos barrios más famosos de esta zona son: El Pilar y El Carmen. Este último, es uno de los lugares de ocio nocturno más de moda de la ciudad.
Aquí hay muchos apartamentos turísticos, sin embargo, el mercado de viviendas está representado, principalmente, por edificios antiguos. Las entradas de la mayoría de los edificios son muy pequeñas y en muchas de ellas no hay ascensores. Además, los edificios están ubicados muy cerca los unos de los otros, y esto no es casualidad: están diseñados para que siempre haya una sombra en la calle, pero, por otro lado, las ventanas quedan muy cerca las unas con las otras, lo cual podría ser un inconveniente para algunas personas. Tu favorito si te va la marcha. El barrio de El Carmen tiene un ambiente joven y alternativo, cargado de bares con muy buen rollo y una vida cultural de lo más activa. Aquí se mezclan estudiantes, artistas y la vida bohemia, en general.
Es también una de las principales zonas de vida nocturna de la ciudad, así que ten en cuenta que sumando eso a que es parte del centro histórico, lo que se dice silencio por la noche, no es su puente fuerte. Si quieres vivir en el meollo y no te importa (o eres de los que participan) la vida nocturna hasta altas horas, es tu barrio.  Perteneciente al distrito de Ciudat Vella, es uno de los rincones más bohemios y carismáticos de la Ciutat Vella. La cultura, el ocio y la vitalidad se respiran en sus calles. Es una zona muy atractiva y cultural. En ella se encuentran las Torres de Serranos, defensoras de uno de los accesos más concurridos de la zona antigua de Valencia. Este barrio acoge numerosos museos (de Cerámica, Paraninfo), edificios antiguos, restaurantes y terrazas para tomar algo, además del famoso Mercado de Mossén Sorell y la Plaza del Tossal.El distrito donde se ubica este barrio está delimitado por la muralla del siglo XIV, las calles de Colón, Játiva y Guillem de Castro, así como el río Turia. Las vías Roteros o Corona descienden de los arrabales. Además, está situado a 1 kilómetro del centro de la ciudad.El precio por metro cuadrado en esta zona está en torno a los 2821€/m2, aunque durante 2021 se registró en 2500€/m2, y en ella residen alrededor de 6.000 habitantes, con una renta per cápita media de 34554 euros.","La Seu, La Xerea, El Carmen, El Pilar (Velluters), El Mercat y Sant Francesc."
L´Eixample,"Es el distrito más de moda de Valencia. Es especialmente popular el barrio de Ruzafa, el cual está siendo desarrollando activamente. Casi todos los locales comerciales de los pisos inferiores de los edificios están ocupados. Muchos edificios han sido restaurados y las calles están llenas de gente.  La vivienda aquí es cara, tanto para comprar, como para alquilar. El precio de la vivienda aquí comienza a partir de 160,000 € – 170,000 €. Sin embargo, generalmente, los precios comienzan desde 200,000 €. El área se encuentra muy cerca del centro de la ciudad de Valencia.
El barrio de Gran Vía está lleno de hermosos edificios con balcones tradicionales de hierro forjado. Este es un barrio de clase alta, con calles rectas y largas. Las calles principales de Gran Vía y Reino de Valencia, son avenidas con amplias zonas verdes. Las casas aquí son altas, sin embargo, no están ubicadas tan cerca las unas de las otras como en la zona Centro, por lo que las calles tienen mucho sol.
En estos barrios es más fácil comprar que alquilar una propiedad. Las propiedades inmobiliarias aquí son de buena calidad. Los apartamentos son grandes, sin embargo, puede tener problemas con el aparcamiento. Como los edificios aquí son de construcción antigua, no siempre las viviendas disponen de parking privado.
Pros: ubicación; buena infraestructura y transporte; numerosas tiendas, bares, restaurantes, colegios de calidad; hermosos edificios; ambiente muy positivo.
Contras: al mar solo se puede llegar en metro o en coche; alto coste de las viviendas; aunque es una zona turística bastante animada, no lo es tanto como la zona Centro. Es la zona de moda de la ciudad, donde se mezcla tradición y modernidad. Hablamos de vecinos de toda la vida, familias, turistas y estudiantes. Todos en un mismo sitio.
Aquí se concentra mucha vida social y cultural. Y la oferta de restaurantes es amplísima y variada, incluyendo algunos muy conocidos como el Canalla Bistro de Ricard Camarena o Nozomi, entre muchos otros.
También hay un buen número de discotecas, pubs de todo tipo y una concentración de bares por habitante casi inigualable. Si has sonreído al leer esto, Ruzafa es tu opción.
Mención aparte merecen sus alquileres, de los más elevados en la ciudad de Valencia, junto con otros barrios del centro. La cercanía al centro, las conexiones en transporte público y su vida nocturna están detrás de este aumento de demanda y precios en la zona.  Este listado no podría empezar por otro barrio que no fuera Ruzafa, una opción muy interesante para quienes buscan una zona con mucha actividad. Este barrio pertenece al distrito de L’Eixample, muy cercano al centro de la ciudad. Es una zona muy atractiva para jóvenes repleta de servicios para los estudiantes, como la Biblioteca Municipal Al-Russafí y la Biblioteca Municipal Nova Al-Russafí.Es un barrio muy bien conectado que limita con Sant Francesc al norte, En Corts y Malilla al sur, el Pla del Remei, Gran Vía y Monteolivete al este, y la Roqueta y Arrancapins al oeste. Además, se encuentra a tan solo 1 kilómetro del centro de la ciudad.El precio por metro cuadrado en esta zona es de 2672€/m2, lo que supone una variación del 0,50% en el último trimestre de 2021. En él residen alrededor de 25000 habitantes y es considerado uno de los barrios con mayor renta (media de 50393 euros).","Ruzafa, El Pla del Remei y Gran Vía."
Extramurs,"Aquí se encuentra el famoso complejo deportivo La Petxina.
La calle más famosa del Extramurs es la Gran Vía Fernando el Católico. Se trata de una gran avenida con una zona verde en el medio. El mercado inmobiliario aquí es diverso: hay viviendas tanto de alta categoría, como económicas. Aunque aquí no hay viviendas muy baratas, se pueden encontrar opciones asequibles. En general, este distrito es más barato que L´Eixample.
Pros: viviendas para todos los gustos y presupuestos; buena zona para vivir.
Contras: es importante elegir un buen barrio, ya que hay ciertas zonas que es mejor no considerar para comprar una vivienda. En estas zonas va a resultar muy complicado vender o alquilar una vivienda. El barrio de Arrancapins de Valencia que no envejece. No es hipster como su vecino Ruzafa ni turístico como El Carmen, pero mantiene la esencia de un barrio de esos que a uno le gustaría vivir.
Su idiosincrasia se fundamenta en la convivencia de tiendas y bares de toda la vida, espacios donde una pausa entre semana es (casi) obligatoria, con espacios nuevos que quieren asentarse, otros tantos efímeros y una población familiar, pero en transición hacia un cambio generacional impulsado por la llegada de jóvenes.  Si buscas una zona tradicional, de las de toda la vida, este barrio, situado en el distrito de Extramurs, es una buena opción. A juzgar por sus edificios señoriales, cualquiera pensaría que es un barrio ostentoso que conserva el encanto de sus orígenes. Cuenta con una amplia variedad de restaurantes asequibles, bares donde tomarte una copa, sitios tranquilos y garitos rockeros.Situado en el centro de la ciudad, limita al norte con La Petxina, al sur con La Raiosa, al este con La Roqueta y Ruzafa, y al oeste con Patraix.En esta zona, el precio del metro cuadrado registrado en este barrio es de 2194€/m2 y tiene alrededor de 23000 habitantes con una renta per cápita media de 25748 euros.","El Botànic, La Roqueta, La Petxina y Arrancapins."
Campanar,"Pros: Cerca hay un supermercado Carrefour muy grande. Cerca están el parque Cabecera, y el Bioparc (el ocio perfecto para los niños: se puede comprar un abono para todo el año, por unos 50 euros por persona y, de esta manera, ir cuando lo desee). Cerca se encuentra el cauce del río Turia, un excelente lugar para pasear y hacer deporte. El metro está cerca, a unos 15 minutos a pie. Cerca se encuentra el gran hospital privado Hospital Nisa 9 de octubre Contras: Lejos del mar: unos 25 minutos en coche. Lejos del centro de la ciudad: unos 40 minutos a pie.  ","Campanar, Les Tendetes, El Calvari y Sant Pau."
La Zaidia,"Esta área está ubicada entre Campanar y El Pla del Real. Sin embargo, las viviendas aquí son más baratas que en los distritos mencionados. Aquí se pueden encontrar inmuebles de diferentes categorías de precios. Como regla general, las propiedades que se encuentran más cerca del cauce del río Turia, son más caras. En este distrito se encuentra la Escuela Oficial de Idiomas de Valencia.
Ventajas: puede comprar viviendas justo al lado del cauce del río Turia, más baratas que en otras áreas. Esta área es similar a Extramurs. ","Marxalenes, Morvedre, Trinitat, Tormos y Sant Antoni."
El Pla del Real,"Esta área está situada al lado del grande y hermoso parque de Viveros. En la zona entre la avenida Primado Reig y la avenida Blasco Ibáñez, alrededor del Colegio Alemán de Valencia, hay edificios muy bonitos con apartamentos muy espaciosos, en los cuales históricamente vivieron familias adineradas de Valencia. Estos apartamentos rara vez se alquilan, y se venden por precios muy altos.
Pros:
Esta es un área con una infraestructura bien desarrollada, excelente para vivir. Se trata de una zona prestigiosa, ubicada muy cerca del centro de la ciudad.
Aquí hay dos hospitales, uno público – Hospital Clínico Universitario de València, y uno privado – Hospital Quirónsalud Valencia. En la misma área, hay varias facultades de la Universidad de Valencia, muchas escuelas de idiomas y escuelas de negocios. Además, aquí se encuentra el estadio del Valencia CF.
Hay 2 estaciones de metro (8 minutos a pie), y las líneas de autobuses funcionan a la perfección. Desde aquí, se puede llegar directamente hasta la playa en autobús.
Hasta el centro de la ciudad – 7 minutos en coche o 25 minutos a pie; hasta la playa – 15 minutos en coche.
Esta zona es muy verde: aquí se encuentra el parque Jardines del Real, el cauce del río Turia y los Jardines de Monforte.
Contras:
Precios de los alquileres y de la compra de viviendas muy elevados.
Los inmuebles no son nuevos, sin embargo, se trata de viviendas de clase alta. Generalmente, los edificios tienen servicio de conserjería. ","Exposició, Mestalla, Jaume Roig y Ciutat Universitària."
L’Olivereta,"Este distrito está bastante alejado del centro.
Este distrito está ubicado justo enfrente del distrito Campanar, en el lado opuesto del cauce del río Turia. Sin embargo, estos dos distritos son completamente diferentes. La vivienda en estas zonas es muy barata y de calidad baja. También hay muchos alquileres a precios económicos.
Desde aquí se puede llegar al centro en autobús y metro. Alejado de toda la atención mediática, elbarrio de l’Oliveretase hace popular entre los turistas. Así lo afirman datos facilitados por la plataforma de alquiler Airbnb, que recoge los barrios más populares de España de este otoño. Valencia gusta entre los turistas europeos y cuando vienen, se centran últimamente en dos barrios: este, el de l’Olivereta, con un crecimiento del 186% y elbarrio de Jesús, cerca de la estación del AVE Joaquín Sorolla. En España solo le siguen de cerca San Pablo y Santa Justa en Sevilla (ambos con un crecimiento del +142%). Este barrio se sitúa en torno al Hospital General, la parada de metro Nou d’Octubre, el parque de Cabecera y el del Oeste. Entre los españoles el barrio en alza está en la parte opuesta de la ciudad. Hablamos deCamins al Grau, colindante con la zona portuaria. En Europa, los destinos del continente que son tendencia entre los viajeros españoles son Erzsébetváros (Budapest), Prenzlauer Berg (Berlín) y Staré Mêsto (Praga). ","Nou Moles, Soternes, Tres Forques, La Fuensanta y La Llum."
Patraix,"El distrito de Patraix está ubicado lejos del centro de la ciudad. El mercado inmobiliario está representado, principalmente, por viviendas muy antiguas. Sin embargo, se pueden encontrar viviendas relativamente nuevas. La principal desventaja es que, los edificios más o menos nuevos, se encuentran en la zona más alejada del centro, casi a la salida de la ciudad de Valencia. Es el segundo mejor barrio de Valencia, según el barómetro municipal. Sus vecinos lo valoran por su cercanía al centro, la oferta de servicios con muchos supermercados próximos, un gran hospital dentro del barrio, escuelas y parques para niños. Es un lugar perfecto para disfrutar con niños y el Bulevar Sur limita con el barrio, así que si eres de los que les gusta hacer deporte al aire libre, puede ser una opción.
La mezcla de culturas también es un rasgo propio de Patraix. Aquí encontrarás restaurantes de cocina española, india, senegalesa o ecuatoriana, entre otros.  Perteneciente al distrito de Patraix, es otro de los barrios más recomendados para vivir en familia, con numerosas zonas residenciales y parques. Además de los numerosos comercios y locales de la zona, Patraix también cuenta con la Iglesia del Sagrado Corazón de Jesús, El Puma (músico y secretario general de la presidencia de Patraix). Dispone de numerosas zonas residenciales y muchos servicios. El barrio está muy bien conectado, se sitúa en el suroeste de la ciudad, limitando al norte con Nou Moles, al este con","Patraix, Sant Isidre, Vara de Quart, Safranar y Favara."
Jesús,"Un área de Valencia con inmuebles de bajo coste. La única desventaja, es la lejanía del centro y de la playa. Por lo que, si está buscando una vivienda barata en Valencia, cerca de la playa, esta área no es la adecuada para usted. En este caso, sería mejor considerar zonas como: Algirós y Marritim Serreria. ","La Raiosa, L’Hort de Senabre, La Creu Coberta, San Marcelino y Camí Real."
Quatre Carreres,"Las mejores propiedades hay que buscarlas en el barrio de Ciudad de Las Artes y Las Ciencias. Allí, encontrará muchos complejos residenciales cerrados con piscina, además de una gran oferta de viviendas de obra nueva. La zona se encuentra justo enfrente de la famosa Ciudad de Las Artes y Las Ciencias de Valencia.
Se trata de una excelente área para vivir, con viviendas de alta calidad y buen ambiente.
Cerca, se encuentra el Parque de Gulliver y la Ciudad de la Artes y Las Ciencias.
También, a poca distancia está ubicado el gran centro comercial El Saler, y al otro lado del río, El Corte Inglés y el centro comercial Aqua.
El barrio de Monteolivete limita con el barrio de Eixample (justo al otro lado de la avenida Peris y Valero). Sin embargo, las viviendas aquí son más baratas. Esta es una buena opción para aquellos que desean vivir en la zona de Eixample, pero aún no tienen capacidad financiera para ello.
En este distrito, este año, han abierto el Parque Central, un gran parque para paseos agradables, con una zona botánica. Es completamente nuevo, actualmente se acaba de plantar, por lo que en un par de años se convertirá en un lugar hermoso.
Contras:
Bastante lejos del centro a pie; hasta la playa, solo se puede llegar en coche o en transporte público (con transbordos).  Es uno de los barrios más conocidos por su cercanía a la Ciudad de las Artes y de las Ciencias. Pertenece al distrito de Quatre Carreres y tiene una amplia oferta de ocio y restauración. En sus calles habitan el Museo Fallero, en el antiguo convento de la Congregación de San Vicente de Paúl, y la Iglesia de Nuestra Señora de Monteolivete.El barrio se encuentra al sureste de la ciudad y limita al norte con Gran Vía, al sur con Na Rovella, al este con Penya-Roja y al oeste con Ruzafa y En Corts y está a menos de 2 kilómtros del centro de la ciudad.En esta zona, el precio por metro cuadrado está en torno a los 1693€/m2. Si lo que buscas es una vivienda de grandes dimensiones, este barrio es ideal para ti, ya que sus inmuebles suelen ser ideales para familias numerosas.","Monteolivete, En Corts, Malilla, Fuente de San Luis, Na Rovella, La Punta y Ciudad de Las Artes y Las Ciencias."
Poblats Maritims,"La mejor área para comprar propiedades en este distrito es El Grao, en la Avenida del Puerto. El sector inmobiliario aquí es muy diverso, hay tanto viviendas caras, como económicas. Una gran ventaja: todas las viviendas, independientemente del precio, se encuentran a poca distancia de la playa.
Otra ventaja, son las buenas conexiones de transporte: hay metro y autobuses.
Es mejor evitar el barrio de Nazaret, por varios motivos: está ubicado muy lejos del centro.
Si decide comprar una propiedad en el barrio de Malvarrosa, escoja la zona donde va a comprar la vivienda, cuidadosamente: aquí también hay muchas calles desfavorables. Uno de los barrios más emblemáticos de la ciudad fue elegido como uno de los más «cool» de Europa según The Guardian. Aunque algunas zonas sufran por el abandono, lo cierto es que El Cabanyal-Canyamelar es un barrio que poco a poco está creciendo y convirtiéndose en el centro de atención de los jóvenes y turistas de Valencia.
Los alquileres están al alza (ya no son tan baratos como antes), la proximidad a la playa y a zonas de fiesta (como Marina Beach) o el resurgir de restaurantes y bares con vistas inigualables le dan vidilla a este viejo barrio marinero.  De espíritu marinero, este barrio situado en el distrito de Poblats Marítims, estuvo separado de la ciudad de Valencia hasta hace algunos años.Es un barrio con mucho encanto por la multitud de zonas de fiesta que tiene, además de sus vistas únicas. El Cabanyal o La Malvarrosa limitan con este barrio y están muy bien conectados con el centro de Valencia, que se encuentra a unos 3 kilómetros. Beteró se encuentra al este, muy próximo al mar, y está separado del resto de pueblos marítimos por la calle Marino de Lezo. Junto a las avenidas de Tarongers y Blasco Ibáñez, hacen de Beteró un lugar muy bien conectado. Las líneas 5 y 6 de Metrovalencia atraviesan la zona. El precio del metro cuadrado está registrado en 1759€/m2. Esta zona cuenta con una amplia gama de inmuebles que permiten combinar perfectamente la vida en la playa con la vida en la ciudad. El barrio cuenta con unos 8000 habitantes, donde el nivel adquisitivo medio es de 20177 euros.","El Grao, Cabañal-Cañamelar, Malvarrosa, Beteró y Nazaret"
Camins al Grau,"Se pueden encontrar muy buenas propiedades en el área de Camins al Grau, junto al cauce del río Turia, en el barrio de Penya Roja. La zona más cara de Camins al Grau es el Paseo de la Alameda, ubicado justo al lado del cauce del río. Las ventanas de muchos apartamentos dan a la zona verde del cauce del río Turia. Un poco más lejos del cauce del río, se encuentran las viviendas más económicas.
En el barrio de Aiora, los precios de la vivienda empiezan a partir de 100,000 € euros. Es una zona de estudiantes, por lo que muchas personas compran apartamentos aquí para alquilar a estudiantes.
Hay metro y autobuses.
Las calles más famosas (se extienden casi paralelas entre sí): la Avenida del Puerto, con viviendas más asequibles, y la Avenida de Francia, con viviendas más caras. ","Ayora, Albors, La Creu del Grau, Camí Fondo y Penya-Roja."
Algirós,"Algirós es un área estudiantil, especialmente cuando se trata de los barrios de Amistat, Ciutat Jardi y L´illa Perduda. Las viviendas más económicas en Algirós, se encuentran en el área de L´illa Perduda. Aquí, se pueden encontrar inmuebles a la venta desde 100.000 €, e incluso un poco menos. El mercado inmobiliario está representado, principalmente, por viviendas de construcción antigua, sin embargo, se pueden encontrar también casas nuevas.
En cuanto a la población, aquí viven tanto valencianos nativos, como extranjeros. Estos últimos suelen comprar apartamentos en esta zona, con el propósito de alquila. Aunque los precios del alquiler no son muy altos, gracias a la gran demanda se pueden obtener buenas y estables ganancias.
En este distrito se encuentra el famoso hospital privado Casa La Salud, elegido por muchos extranjeros para dar luz.
En este distrito, en sus límites, se encuentra la Universidad Politécnica de Valencia y varias facultades de la Universidad de Valencia. ","L’illa Perduda, Ciutat Jardí, Amistat, La Bega Baixa y La Carrasca."
Benimaclet,"Buena área para vivir, con excelente infraestructura.
La vivienda aquí es relativamente barata, pero más cara que, por ejemplo, en L´illa Perduda. El precio depende del estado en el que se encuentre la vivienda, del año de construcción, etc. Aquí, viven muchos españoles, así como estudiantes extranjeros. Hay muchos bares y restaurantes con precios económicos, así como pequeños comercios.
El área es muy tranquila. Este es el barrio preferido para vivir entre los vecinos de Valencia. Un pueblo que fue absorbido por la ciudad y que ahora es uno de los principales barrios de Valencia.
Sus calles casi peatonales tienen la virtud de trasladarte a esa época, convirtiendo al barrio en una zona de lo más tranquila. Su proximidad a las universidades hace que sea uno de los preferidos por los estudiantes, además de que los precios son bastante buenos. Los bares y pubs de la zona están de moda, lo que le da un ambiente muy especial al barrio.  Situado en el distrito de Benimaclet, es un barrio con mucha vida juvenil debido a su proximidad a la zona universitaria. A unos 3 kilómetros del centro de la ciudad, es una zona tranquila e ideal para vivir con niños. Dispone de la Ciutat Universitària, colegios, institutos y muy buena conexión con el centro. Cercana se encuentra la Estación de Benimaclet, en la calle Emilio Baró, que tiene conexiones EMT y las líneas 3, 4 y 6 de Metrovalencia. El precio del metro cuadrado en la actualidad es de 1815€/m2. Es un barrio antiguo, donde sus más de 29000 habitantes tienen una renta media de 23905 euros, que aún mantiene gran parte de su vida asociacional. En él encontrarás  casas bajas y calles semipeatonales propias del antiguo pueblo que fue en la antigüedad.",Benimaclet y Camí de Vera.
Rascanya,"Este distrito es muy diverso. Aquí, en el barrio de Sant Llorenç, hay una excelente zona para comprar una casa: la Avenida Alfahuir.
La oferta inmobiliaria incluye excelentes viviendas de obra nueva, en complejos residenciales cerrados con piscina, pistas de tenis y vigilancia las 24 horas. Aquí, hay también viviendas más antiguas, aunque también de muy buena calidad.
Cerca de la zona se encuentra un gran parque, un centro deportivo municipal con una gran piscina y un estadio de futbol.
En esta área hay muchos bares, restaurantes y el centro comercial Arena con un supermercado Carrefour.
El metro está a 5 minutos a pie; el centro de la ciudad: 10 minutos en coche o 40 minutos a pie.
Hasta la playa, se puede llegar en coche en 20 minutos.
El hospital privado Quirón, está a 5-10 minutos de aquí.
En el área de Rascanya, hay barrios con viviendas muy económicas: Orriols y Torrefiel. Por este motivo estas zonas son tan baratas. Junto con el área de Nazaret, estos son los barrios menos recomendados para la compra de viviendas. ","Els Orriols, Torrefiel y Sant Llorenç."
Benicalap,"Este distrito está muy alejado del centro y de la playa.
Hay muy buenas viviendas de obra nueva, sin embargo, muchas áreas aún se están construyendo. El distrito tiene una infraestructura muy poco desarrollada: aquí casi no hay bares y restaurantes. Lo mismo se puede decir sobre el transporte: aquí no hay metro, solo autobuses. Además, no se recomienda comprar una vivienda aquí con el fin de alquilarla posteriormente. Sin embargo, esta área puede ser considerada para vivir, si para usted las desventajas mencionadas no tienen mayor importancia. ",Benicalap y Ciutat Fallera.
Pobles de l`Oest,"El barrio más interesante, para comprar una propiedad en Pobles de l`Oest, es Beniferri. El barrio está alejado del centro, pero lo atraviesa la avenida Cortes Valencianas, en la que hay apartamentos y casas en nuevos complejos residenciales.
Esta área, es interesante para aquellos cuyas preferencias no incluyen vivir cerca del mar o el centro, pero, al mismo tiempo, quieren vivir en una vivienda de alta calidad, en un excelente complejo residencial. Además, es ideal para aquellos que deseen matricular a sus hijos en buenos colegios privados, en las ciudades de Betera o La Cañada. Como, por ejemplo, el Complejo Educativo Bilingüe Mas Camarena, el British College la Cañada o el Colegio International El Plantío. ",Benimámet y Beniferri
Poblados del Norte,"Se trata de un área que consta de varias poblaciones (ahora considerados barrios), anexados a Valencia en 1888 – 1900. Aunque, oficialmente esta área es parte de Valencia, se encuentra muy lejos del centro, y las propiedades aquí normalmente no son atractivas (principalmente, son casas rurales que no se encuentran en buenas condiciones). Además, aquí hay mucho espacio vacío, infraestructura y sistema de transporte están muy mal desarrolladas. ","Benifaraig, Pueblo Nuevo, Carpesa, Casas de Barcena, Mahuella, Masarojos y Borbotó"
Poblados del Sur,"Todo lo que hemos dicho sobre Poblados del Norte, también se puede atribuir al área de Poblados del Sur. Las poblaciones pertenecientes a esta zona, se convirtieron en parte de Valencia en 1877. La zona representa áreas completamente o mayormente rurales. Pobles del Sud es un gran barrio al sureste de Valencia, que abarca unos 20 km de terreno costero justo al sur de la ciudad. A pesar de que es el barrio más extenso, es el menos poblado. La zona está ocupada en gran parte por territorios rurales de la Huerta, estos son tierras cultivadas que rodean Valencia y la Albufera.Elbarrio es sobre todo conocido por el ya mencionado Parque Natural de la Albufera, una amplia zona de lagunas rodeada de sembradíos de arroz y de la gastronomía local.Como puedes imaginar, al ser la paella el plato típico valenciano y los arrozales que rodean la zona, este es el lugar ideal si quieres probar la auténtica paella y otros platos de arroz como el Arroz Caldoso. Algunos de los pueblos más visitados son El Palmar y El Saler.Para llegar a la zona, elmedio de transporte públicomás recomendable es el autobús (las líneas 24 y 25 de la EMT te llevarán hasta El Palmar). Si eres una persona deportista, quizá quieras practicar senderismo ociclismoen el Parque Nacional de la Albufera.","Horno de Alcedo, Castellar-Oliveral, Pinedo, El Saler, El Palmar, El Perellonet, La Torre y Faitanar"
La Patacona (Alboraya),"En este artículo acerca de los distritos de Valencia, hemos incluido una de las pedanías de Valencia, debido a que allí existe una muy buena oferta de viviendas. Además, esta zona es muy popular entre los compradores de propiedades.
La Patacona es una zona que se encuentra en Alboraya, una pedanía de Valencia. Esta área es elegida, principalmente, por extranjeros con presupuesto medio-alto, que desean vivir en primera línea de playa.
Pros:
El área está ubicada justo en primera línea de playa.
Complejos residenciales nuevos y cerrados, con piscina y vigilancia las 24 horas.
Buena oferta de casas adosadas.
Números restaurantes en la playa.
La playa de La Patacona limita con la playa de La Malvarrosa, donde hay una parada de tranvía.
Contras:
No hay metro.
Lejos del centro: 20 minutos en coche.
No hay parques grandes.
Lejos de centros comerciales y grandes supermercados; hay que ir en coche.
Altos precios de la vivienda. ",
